Product,Page,Title,Rating,Date,Review
"MSI PRO MP341CQ 34-Inch 2K UWQHD 3440x1440 Computer Monitor - Professional Curved LED Monitor with 100Hz Refresh Rate, Anti-Glare & Anti-Flicker Technology PC Monitor for Desktop, VESA Mount (Black)","1","5.0 out of 5 stars







  
  
    Excellent widescreen monitor","5.0 out of 5 stars","Reviewed in India on 13 February 2024","Excellent monitor, improves productivity... Observations after a month:# Tip - best placed on wall stand to free up desk space...# 3340*1440 resolution is available only in 'extend display' mode for some reason when laptop is connected, any other mode (monitor only, duplicate display etc) it isnt available... i guess this is a display card issue on my laptop somehow.. may not be applicable to all but do check out once installed# Not a gamer so cant comment on performance, works great for normal productivity tasks# havent watched too many videos or movies (some youtiube primarily). but there is satisfactory performance - i use a wall mounted TV for media so this is not primarily used for media consuption - bt does well when anyting is played on Youtube etc.pretty satisfied on the whole.... i once again recommend a wall stand using the VESA mount.... especially if u have a narrow table"
"MSI PRO MP341CQ 34-Inch 2K UWQHD 3440x1440 Computer Monitor - Professional Curved LED Monitor with 100Hz Refresh Rate, Anti-Glare & Anti-Flicker Technology PC Monitor for Desktop, VESA Mount (Black)","1","5.0 out of 5 stars







  
  
    MSI PRO MP341CQ 34-Inch ‡ÆÆ‡ØÅ‡Æ¥‡ØÅ HD ‡Æï‡Æ£‡Æø‡Æ©‡Æø ‡ÆÆ‡Ææ‡Æ©‡Æø‡Æü‡Øç‡Æü‡Æ∞‡Øç","5.0 out of 5 stars","Reviewed in India on 27 April 2024","IT IS GOOD, ONLY THE TREBLE IS IT  COMES WITHOUT VGA CONNECTIVITY OTHERWISE IT IS ENJOYABLE"
"MSI PRO MP341CQ 34-Inch 2K UWQHD 3440x1440 Computer Monitor - Professional Curved LED Monitor with 100Hz Refresh Rate, Anti-Glare & Anti-Flicker Technology PC Monitor for Desktop, VESA Mount (Black)","1","4.0 out of 5 stars







  
  
    okay for the price","4.0 out of 5 stars","Reviewed in India on 28 September 2024","proscost for quality good, i for 22,500colors equal to ips panel tested side by sidecan connect a pc and PlayStation as it has 2 hdmi ports,you get 3 years warranty, which is worthconsi don't know which button i press in monitorlow speaker volumeno height adjustment"
"MSI PRO MP341CQ 34-Inch 2K UWQHD 3440x1440 Computer Monitor - Professional Curved LED Monitor with 100Hz Refresh Rate, Anti-Glare & Anti-Flicker Technology PC Monitor for Desktop, VESA Mount (Black)","1","1.0 out of 5 stars







  
  
    Never buy this product","1.0 out of 5 stars","Reviewed in India on 21 November 2024","Picture quality not good and above all no replacement,"
"MSI PRO MP341CQ 34-Inch 2K UWQHD 3440x1440 Computer Monitor - Professional Curved LED Monitor with 100Hz Refresh Rate, Anti-Glare & Anti-Flicker Technology PC Monitor for Desktop, VESA Mount (Black)","1","1.0 out of 5 stars







  
  
    Woest product","1.0 out of 5 stars","Reviewed in India on 28 August 2024","No sound output , Return / replacement window was not showing since it arrived , finally I lost my money , cant user it .please help me with return of my moneyService visit was not done physically , person asked for Otp without visiting my site physically { saying that OTP need to be informed before His vist } and collected Money Rs 1140/ for visit saying that return window was closed , hence need to pay service charges . ALL confusingPlease resolve Immediately"
"MSI PRO MP341CQ 34-Inch 2K UWQHD 3440x1440 Computer Monitor - Professional Curved LED Monitor with 100Hz Refresh Rate, Anti-Glare & Anti-Flicker Technology PC Monitor for Desktop, VESA Mount (Black)","1","1.0 out of 5 stars







  
  
    Video quality is not good","1.0 out of 5 stars","Reviewed in India on 16 April 2024","It's not supporting hdr and refresh rate is 50 hrz onlyDidn't like it"
"MSI PRO MP341CQ 34-Inch 2K UWQHD 3440x1440 Computer Monitor - Professional Curved LED Monitor with 100Hz Refresh Rate, Anti-Glare & Anti-Flicker Technology PC Monitor for Desktop, VESA Mount (Black)","1","CadeauGift","","Reviewed in Belgium on 26 December 2024","Fonctionne super bien sur le pc gamer MSI de mon filsWorks great on my son's MSI gaming PC"
"MSI PRO MP341CQ 34-Inch 2K UWQHD 3440x1440 Computer Monitor - Professional Curved LED Monitor with 100Hz Refresh Rate, Anti-Glare & Anti-Flicker Technology PC Monitor for Desktop, VESA Mount (Black)","1","Muy buena pintaVery good looking","","Reviewed in Spain on 28 September 2024","Recibido un d√≠a antes de lo esperado. El monitor ha llegado perfecto.El montaje es muy sencillo y la calidad de imagen es muy buena. Lo estoy usando para programar, y el tama√±o me permite tener el entorno de desarrollo perfectamente colocado.Received one day earlier than expected. The monitor arrived perfect. The assembly is very simple and the image quality is very good. I'm using it for programming, and the size allows me to have the development environment perfectly placed."
"MSI PRO MP341CQ 34-Inch 2K UWQHD 3440x1440 Computer Monitor - Professional Curved LED Monitor with 100Hz Refresh Rate, Anti-Glare & Anti-Flicker Technology PC Monitor for Desktop, VESA Mount (Black)","1","Gayet iyi ve hƒ±zlƒ± geldiIt came very well and quickly","","Reviewed in Turkey on 27 November 2024","2 g√ºnde geldi gayet memnunum ≈üuan bir sƒ±kƒ±ntƒ±sƒ±nƒ± g√∂rmedim.It came in 2 days and I'm glad I didn't see any problems at the moment."
"MSI PRO MP341CQ 34-Inch 2K UWQHD 3440x1440 Computer Monitor - Professional Curved LED Monitor with 100Hz Refresh Rate, Anti-Glare & Anti-Flicker Technology PC Monitor for Desktop, VESA Mount (Black)","1","Belle ecranBeautiful screen","","Reviewed in France on 7 December 2024","Pour une utilisation bureautique, en remplacement de 2 √©crans, c'est bien plus confortable, un plus grand espace de travail pour afficher presque l'√©quivalent de 3 √©crans.34"" = plut√¥t du 24"" extra large (hauteur plus faible qu'un 27""), ce qui va tr√®s bien pour de la bureautique.Faire attention a la largeur, ca prend quand m√™me de la place. La courbure de l'ecran est optimum pour moi (1500R).D√©finition qui va bien, 100hz qui ne fatigue pas les yeux, et calibration de base tres correct pour de la photo (et ca marche avec du macbook)For office use, replacing 2 screens, it's much more comfortable, a larger workspace to display almost the equivalent of 3 screens. 34"" = rather 24"" extra wide (lower height than a 27""), which is very good for office automation. Pay attention to the width, it still takes up space. The curvature of the screen is optimal for me (1500R). Definition that goes well, 100hz that does not tire your eyes, and very correct basic calibration for photography (and it works with a Macbook)"
"MSI PRO MP341CQ 34-Inch 2K UWQHD 3440x1440 Computer Monitor - Professional Curved LED Monitor with 100Hz Refresh Rate, Anti-Glare & Anti-Flicker Technology PC Monitor for Desktop, VESA Mount (Black)","2","Superbe √©cran.Superb screen.","","Reviewed in France on 9 November 2024","Achet√© pour remplacer un 27 pouces , ce 34 pouces incurv√© est excellent. En r√©solution maximale, la finesse et la propret√© de l'image sous windows et sur internet sont excellentes. Les videos 4k sont magnifiques.Bought to replace a 27 inch, this 34 inch curved one is great. At maximum resolution, the sharpness and cleanliness of the image under Windows and on the Internet are excellent. The 4k videos are beautiful."
"MSI PRO MP341CQ 34-Inch 2K UWQHD 3440x1440 Computer Monitor - Professional Curved LED Monitor with 100Hz Refresh Rate, Anti-Glare & Anti-Flicker Technology PC Monitor for Desktop, VESA Mount (Black)","2","√áOK ƒ∞Yƒ∞VERY GOOD","","Reviewed in Turkey on 14 November 2024","BEKLEDƒ∞ƒûƒ∞MDEN DAHA ƒ∞Yƒ∞ Bƒ∞ KALƒ∞TEDE VE BOYUTUNDAN DOLAYI ƒ∞≈ûE ODAKLANMAK GAYET KOLAY OLUYOR. √áEVREYLE ƒ∞Lƒ∞≈ûKƒ∞Yƒ∞ KOMPLE KESMYE BAYA YARDIMCI ARADIƒûIM ≈ûEYDƒ∞ BU √úR√úNWITH BETTER QUALITY AND SIZE THAN I EXPECTED, IT'S EASY TO FOCUS ON WORK. THIS PRODUCT WAS WHAT I WAS LOOKING FOR TO HELP COMPLETELY CUT THE RELATIONSHIP WITH THE ENVIRONMENT"
"MSI PRO MP341CQ 34-Inch 2K UWQHD 3440x1440 Computer Monitor - Professional Curved LED Monitor with 100Hz Refresh Rate, Anti-Glare & Anti-Flicker Technology PC Monitor for Desktop, VESA Mount (Black)","2","ConformeCompliant","","Reviewed in Belgium on 22 December 2024","Conforme √† la descriptionConsistent with the description"
"MSI PRO MP341CQ 34-Inch 2K UWQHD 3440x1440 Computer Monitor - Professional Curved LED Monitor with 100Hz Refresh Rate, Anti-Glare & Anti-Flicker Technology PC Monitor for Desktop, VESA Mount (Black)","2","Muy buenoVery good","","Reviewed in Spain on 14 December 2024","Est√° muy bien calidad precioIt's very good value for money"
"MSI PRO MP341CQ 34-Inch 2K UWQHD 3440x1440 Computer Monitor - Professional Curved LED Monitor with 100Hz Refresh Rate, Anti-Glare & Anti-Flicker Technology PC Monitor for Desktop, VESA Mount (Black)","2","Topscherm","","Reviewed in Belgium on 21 December 2024","Top"
"MSI PRO MP341CQ 34-Inch 2K UWQHD 3440x1440 Computer Monitor - Professional Curved LED Monitor with 100Hz Refresh Rate, Anti-Glare & Anti-Flicker Technology PC Monitor for Desktop, VESA Mount (Black)","2","super √©cran "" attention pas de vis pour la fixation du pied""Great screen ‚ÄúAttention no screws to fix the foot‚Äù","","Reviewed in France on 1 December 2024","cette √©cran remplace mon √©cran de portable qualit√© super. j' ai mi quatre √©toile car il n avais les vis pour fixer le pied.This screen replaces my laptop screen super quality. I gave four stars because it did not have the screws to fix the foot."
"MSI PRO MP341CQ 34-Inch 2K UWQHD 3440x1440 Computer Monitor - Professional Curved LED Monitor with 100Hz Refresh Rate, Anti-Glare & Anti-Flicker Technology PC Monitor for Desktop, VESA Mount (Black)","2","Buen monitor con sonido lamentableGood monitor with regrettable sound","","Reviewed in Spain on 3 April 2024","Creo que el titulo lo dice todo.El monitor es c√≥modo, confortable, con buena resoluci√≥n, buena tasa de refresco, velocidad y color.El sonido es sencillamente LAMENTABLE.Vengo de un LG tambi√©n ultawide, y si bien el sonido no era de HiFi, era infinitamente mejor.Le pongo solo 4 estrellas por esto, porque para esa casta√±a de sonido, pod√≠an haberse ahorrado los altavoces.Lo que he hecho ha sido usar la salida de auriculares del propio monitor para conectar una barra de sonido de Trust, baratita, y la diferencia es como de la noche al d√≠a.Por lo dem√°s el monitor vale la pena.I think the title says it all. The monitor is comfortable, comfortable, with good resolution, good refresh rate, speed and color. The sound is simply REGRETTABLE. I also come from an LG ultawide, and although the sound wasn't HiFi, it was infinitely better. I give it only 4 stars for this, because for that chestnut of sound, the speakers could have been saved. What I did was use the headphone output of the monitor itself to connect a cheap Trust soundbar, and the difference is like from night to day. Otherwise the monitor is worth it."
"MSI PRO MP341CQ 34-Inch 2K UWQHD 3440x1440 Computer Monitor - Professional Curved LED Monitor with 100Hz Refresh Rate, Anti-Glare & Anti-Flicker Technology PC Monitor for Desktop, VESA Mount (Black)","2","Bonne image mais ne comptais pas sur le sonGood picture but didn't rely on sound","","Reviewed in Belgium on 6 February 2024","Exactement ce que je voulais, superbe image mais son m√©diocre.Exactly what I wanted, great picture but poor sound."
"MSI PRO MP341CQ 34-Inch 2K UWQHD 3440x1440 Computer Monitor - Professional Curved LED Monitor with 100Hz Refresh Rate, Anti-Glare & Anti-Flicker Technology PC Monitor for Desktop, VESA Mount (Black)","2","Excellent EcranExcellent screen","","Reviewed in France on 9 November 2024","Wahou !Wow!"
"MSI PRO MP341CQ 34-Inch 2K UWQHD 3440x1440 Computer Monitor - Professional Curved LED Monitor with 100Hz Refresh Rate, Anti-Glare & Anti-Flicker Technology PC Monitor for Desktop, VESA Mount (Black)","2","good PRODUCT","","Reviewed in Belgium on 30 June 2024","perfect"
"MSI PRO MP341CQ 34-Inch 2K UWQHD 3440x1440 Computer Monitor - Professional Curved LED Monitor with 100Hz Refresh Rate, Anti-Glare & Anti-Flicker Technology PC Monitor for Desktop, VESA Mount (Black)","3","ottimo prodottogreat product","","Reviewed in Italy on 3 October 2024","ottimo prodottogreat product"
"MSI PRO MP341CQ 34-Inch 2K UWQHD 3440x1440 Computer Monitor - Professional Curved LED Monitor with 100Hz Refresh Rate, Anti-Glare & Anti-Flicker Technology PC Monitor for Desktop, VESA Mount (Black)","3","Genial una pantalla de alta resoluci√≥n y barataGreat, a high resolution and cheap screen","","Reviewed in Spain on 25 September 2024","La recib√≠ hace tres d√≠as y en Amaz√≥n figura como no entregada.I received it three days ago and it appears on Amazon as not delivered."
"MSI PRO MP341CQ 34-Inch 2K UWQHD 3440x1440 Computer Monitor - Professional Curved LED Monitor with 100Hz Refresh Rate, Anti-Glare & Anti-Flicker Technology PC Monitor for Desktop, VESA Mount (Black)","3","PerfectaPerfecta","","Reviewed in Spain on 27 November 2024","La hemos comprado para un escritorio bastante largo, para poder trabajar en una sola pantalla con dos cosas a la vez, porque nos resulta inc√≥modo tener dos pantallas. En mi MacBook Air 2024 M3 no conecta, dice que no lo soporta, pero en un HP gaming y en un sobremesa s√≠ conecta sin problemas. Al principio es un poco mareante para quien no est√° acostumbrado a una pantalla tan larga y curva, pero despu√©s perfecto.We bought it for a fairly long desk, to be able to work on a single screen with two things at once, because it's uncomfortable for us to have two screens. On my MacBook Air 2024 M3 it doesn't connect, it says it doesn't support it, but on an HP gaming and a desktop it does connect without problems. At first it's a bit dizzy for those who aren't used to such a long and curved screen, but then perfect."
"MSI PRO MP341CQ 34-Inch 2K UWQHD 3440x1440 Computer Monitor - Professional Curved LED Monitor with 100Hz Refresh Rate, Anti-Glare & Anti-Flicker Technology PC Monitor for Desktop, VESA Mount (Black)","3","pc msiPcs MSI","","Reviewed in Italy on 17 November 2024","tutto okEverything OK"
"MSI PRO MP341CQ 34-Inch 2K UWQHD 3440x1440 Computer Monitor - Professional Curved LED Monitor with 100Hz Refresh Rate, Anti-Glare & Anti-Flicker Technology PC Monitor for Desktop, VESA Mount (Black)","3","DU 2 en 1DU 2 in 1","","Reviewed in France on 28 November 2024","Vraiment top .üëåReally great. üëå"
"MSI PRO MP341CQ 34-Inch 2K UWQHD 3440x1440 Computer Monitor - Professional Curved LED Monitor with 100Hz Refresh Rate, Anti-Glare & Anti-Flicker Technology PC Monitor for Desktop, VESA Mount (Black)","3","Excelente","","Reviewed in Spain on 3 November 2024","Excelente"
"MSI PRO MP341CQ 34-Inch 2K UWQHD 3440x1440 Computer Monitor - Professional Curved LED Monitor with 100Hz Refresh Rate, Anti-Glare & Anti-Flicker Technology PC Monitor for Desktop, VESA Mount (Black)","3","Ecr√£ interessante e equilibradoInteresting and balanced screen","","Reviewed in Spain on 1 October 2024","O ecr√£, nas condi√ß√µes em que est√° a ser usado revela-se equilibrado e funcional.As colunas embutidas s√£o relativamente fracas, mas n√£o s√£o o foco deste produto.A imagem tem qualidade adequada.The screen, under the conditions in which it is being used, proves to be balanced and functional. The built-in columns are relatively weak, but they're not the focus of this product. The image has adequate quality."
"MSI PRO MP341CQ 34-Inch 2K UWQHD 3440x1440 Computer Monitor - Professional Curved LED Monitor with 100Hz Refresh Rate, Anti-Glare & Anti-Flicker Technology PC Monitor for Desktop, VESA Mount (Black)","3","Mejor de lo esperado,excepto el sonidoBetter than expected, except for the sound","","Reviewed in Spain on 16 September 2024","Pro: todo menos el sonido que al usar barra de sonido me da igual.Contra: el sonido es casi mejor que no hubiera , incluso as√≠ al precio que lo compr√© un verdadero placer en un minuto ya estaba acostumbrado a la imagenPro: everything but the sound that doesn't matter to me when using a soundbar. Cons: the sound is almost better than there wasn't, even so at the price I bought it a real pleasure in a minute I was already used to the image"
"MSI PRO MP341CQ 34-Inch 2K UWQHD 3440x1440 Computer Monitor - Professional Curved LED Monitor with 100Hz Refresh Rate, Anti-Glare & Anti-Flicker Technology PC Monitor for Desktop, VESA Mount (Black)","3","Servizio buono, ma Consegna Lieve RitardoGood service, but Slight Delay Delivery","","Reviewed in Italy on 20 July 2024","Desidero esprimere la mia soddisfazione per il servizio del venditore, che ha prontamente sostituito il monitor difettoso e ha coperto le spese di spedizione. √à importante comprendere che situazioni come queste possono verificarsi, e la gestione del problema √® stata impeccabile. Il monitor corrisponde esattamente alle specifiche tecniche indicate ed √® particolarmente adatto per chi necessita di un dispositivo performante per il multitasking e per sessioni prolungate di utilizzo. Tuttavia, do tre stelle perch√© la consegna √® avvenuta con un giorno di ritardo rispetto alla data prevista, un aspetto che potrebbe essere migliorato.I would like to express my satisfaction with the seller's service, who promptly replaced the faulty monitor and covered the shipping costs. It's important to understand that situations like these can occur, and the handling of the issue has been impeccable. The monitor corresponds exactly to the technical specifications indicated and is particularly suitable for those who need a high-performance device for multitasking and for extended sessions of use. However, I give three stars because the delivery was one day late compared to the scheduled date, an aspect that could be improved."
"MSI PRO MP341CQ 34-Inch 2K UWQHD 3440x1440 Computer Monitor - Professional Curved LED Monitor with 100Hz Refresh Rate, Anti-Glare & Anti-Flicker Technology PC Monitor for Desktop, VESA Mount (Black)","3","Vale al penaIt's worth it","","Reviewed in Italy on 24 January 2024","E la mia prima esperienza con un monitor curvo e devo ammettere che non torner√≤ pi√π al monitor tradizionale. Detto questo il prodotto sembra buono , per i colori ho dovuto smanettare un pochino con i settaggi del pc ma questo dipende sempre  dalla scheda video installata e dal gusto personale. Peccato che non abbia delle regolazioni del colore proprie e i pulsanti messi dietro lo schermo sono abbastanza scomodi. Preferisco i comandi classici messi sul frontale.This is my first experience with a curved monitor and I must admit that I will never go back to the traditional monitor. Having said that, the product looks good, for the colors I had to fiddle a little with the PC settings but this always depends on the video card installed and on personal taste. Too bad it doesn't have its own color adjustments and the buttons placed behind the screen are quite uncomfortable. I prefer the classic controls placed on the front."
"MSI PRO MP341CQ 34-Inch 2K UWQHD 3440x1440 Computer Monitor - Professional Curved LED Monitor with 100Hz Refresh Rate, Anti-Glare & Anti-Flicker Technology PC Monitor for Desktop, VESA Mount (Black)","4","Image de qualit√©, et √©cran largeHigh-quality picture, and large screen","","Reviewed in France on 23 May 2024","Cet √©cran 21:9 en vaudrait presque 2 √† lui seul !Sa largeur offre une surface de travail √©quivalente √† celle de deux √©crans en un seul, sans la moindre s√©paration au milieu. Cela rend le multit√¢che beaucoup plus fluide et agr√©able.Cet √©cran r√©pond parfaitement √† mes attentes.La qualit√© d'image est √©galement tr√®s bonne, avec des couleurs vives et des d√©tails nets.That 21:9 screen alone would be worth almost 2! Its width offers a work surface equivalent to that of two screens in one, without any separation in the middle. It makes multitasking a lot smoother and more enjoyable. This screen perfectly meets my expectations. The picture quality is also very good, with bright colors and sharp details."
"MSI PRO MP341CQ 34-Inch 2K UWQHD 3440x1440 Computer Monitor - Professional Curved LED Monitor with 100Hz Refresh Rate, Anti-Glare & Anti-Flicker Technology PC Monitor for Desktop, VESA Mount (Black)","4","Top levelTop Level","","Reviewed in Spain on 24 August 2024","Con esta pantalla valoras trabajar en el ordenador. Lo tiene todo!!With this screen you value working on the computer. It has everything!!"
"MSI PRO MP341CQ 34-Inch 2K UWQHD 3440x1440 Computer Monitor - Professional Curved LED Monitor with 100Hz Refresh Rate, Anti-Glare & Anti-Flicker Technology PC Monitor for Desktop, VESA Mount (Black)","4","Buen monitor. Mala experienciaGood monitor. Bad experience","","Reviewed in Spain on 5 August 2023","Sobre el monitor, es un 10 para trabajar. Lo de la mala experiencia es debido a que al mes de estar utiliz√°ndolo dej√≥ de dar imagen. Se encend√≠a, reconoc√≠a que estaba conectado, pero no emit√≠a ninguna imagen. Ni siquiera la del men√∫ de opciones. Tras discutirlo con el vendedor y con Amazon, pude devolverlo. Salvo por este incidente, es muy buen monitor. Puedes configurar la imagen a tu gusto. Viene con un programa para trabajar con pantalla dividida, pero es mejor usar PowertToys que da muchas m√°s opciones en Windows.On the monitor, it's a 10 to work with. The bad experience is because a month after using it, it stopped giving an image. It would turn on, recognize that it was connected, but it wouldn't emit any images. Not even the one in the options menu. After discussing it with the seller and with Amazon, I was able to return it. Except for this incident, it's a very good monitor. You can configure the image to your liking. It comes with a program for working with split screen, but it's better to use PowerTToys, which gives much more options in Windows."
"MSI PRO MP341CQ 34-Inch 2K UWQHD 3440x1440 Computer Monitor - Professional Curved LED Monitor with 100Hz Refresh Rate, Anti-Glare & Anti-Flicker Technology PC Monitor for Desktop, VESA Mount (Black)","4","ottimo rapporto qualit√†/prezzoexcellent quality/price ratio","","Reviewed in Italy on 8 May 2023","Monitor tutto fare, che cos√¨ come non eccelle in nessun aspetto, non delude neanche sotto nessun di questi.Per il prezzo di acquisto che ha, offre una generale qualit√† su vari applicativi, dall'uso office/scuola all'uso gaming.Se ci si aspetta un monitor che sia in grado di eccellere in qualche settore, allora bisogna virare su altri prodotti con altri prezzi decisamente pi√π alti.Mio figlio, il fruitore del monitor, √® molto soddisfatto ed ora lamenta una migliore scheda video per sfruttare al meglio la risoluzione dello stesso. Ora √® abbinato ad una ""vecchia"" RX 580 4MB che presto o tardi verr√† sostituita con qualcosa di pi√π recenteAll-in-one monitor, which just as it does not excel in any aspect, does not disappoint even under any of these. For the purchase price it has, it offers general quality on various applications, from office/school use to gaming use. If you expect a monitor that will be able to excel in some sector, then you have to focus on other products with other, much higher prices. My son, the user of the monitor, is very satisfied and now complains of a better video card to make the most of the resolution of the monitor. Now it is combined with an ‚Äúold‚Äù RX 580 4MB that will sooner or later be replaced with something newer"
"MSI PRO MP341CQ 34-Inch 2K UWQHD 3440x1440 Computer Monitor - Professional Curved LED Monitor with 100Hz Refresh Rate, Anti-Glare & Anti-Flicker Technology PC Monitor for Desktop, VESA Mount (Black)","4","Ottimo monitorGreat monitor","","Reviewed in Italy on 15 May 2024","Monitor grande, si qualit√†, lo uso ormai da diversi mesi e posso dire che √® un ottimo prodotto qualit√† prezzo. ConsigliatoLarge monitor, yes quality, I have been using it for several months now and I can say that it is an excellent quality-price product. counselled"
"MSI PRO MP341CQ 34-Inch 2K UWQHD 3440x1440 Computer Monitor - Professional Curved LED Monitor with 100Hz Refresh Rate, Anti-Glare & Anti-Flicker Technology PC Monitor for Desktop, VESA Mount (Black)","4","Por 299‚Ç¨ no puedo estar m√°s que satisfechoFor 299‚Ç¨ I can't be more than satisfied","","Reviewed in Spain on 29 January 2024","No le dar√© un uso gaming. Lo usar√© para teletrabajo y con un MacBook Pro. La tasa de refresco es muy buena. La calidadd de la imagen igual. No echar√© de menos el formato com√∫n y es mi primer 21:9 el cual ha demostrado ser muy eficiente.I will not use it for gaming. I'll use it for teleworking and with a MacBook Pro. The refresh rate is very good. The image quality is the same. I won't miss the common format and it's my first 21:9 which has proven to be very efficient."
"MSI PRO MP341CQ 34-Inch 2K UWQHD 3440x1440 Computer Monitor - Professional Curved LED Monitor with 100Hz Refresh Rate, Anti-Glare & Anti-Flicker Technology PC Monitor for Desktop, VESA Mount (Black)","4","Bon √©cran confortableGood comfortable screen","","Reviewed in France on 25 May 2024","Envoi rapide.√âcran agr√©able √† utiliser.Tr√®s pratique pour le travailFast dispatch. The screen is pleasant to use. Very convenient for work"
"MSI PRO MP341CQ 34-Inch 2K UWQHD 3440x1440 Computer Monitor - Professional Curved LED Monitor with 100Hz Refresh Rate, Anti-Glare & Anti-Flicker Technology PC Monitor for Desktop, VESA Mount (Black)","4","Tout √† fait ce qu'il me fallaitExactly what I needed","","Reviewed in France on 27 March 2024","Dimensions, connectique, qualit√© image : tout est au rendez-vous. Reconnu sans probl√®me avec station d'accueil √©crans multiples. Le plus : un prix tr√®s raisonnable.Dimensions, connectivity, image quality: everything is there. Recognized without problems with multi-screen docking station. The plus: a very reasonable price."
"MSI PRO MP341CQ 34-Inch 2K UWQHD 3440x1440 Computer Monitor - Professional Curved LED Monitor with 100Hz Refresh Rate, Anti-Glare & Anti-Flicker Technology PC Monitor for Desktop, VESA Mount (Black)","4","cet √©cran ne fatigue pas les yeux,this screen does not strain your eyes,","","Reviewed in France on 5 January 2024","Outre la qualit√© de l'√©cran et sa d√©finition, ce qui est frappant c'est que cet √©cran ne fatigue pas les yeux, m√™me en restant de longues heures devant. Sa grande largeur est tr√®s commode quand on a √† traiter des grands tableauxIn addition to the quality of the screen and its definition, what is striking is that this screen does not tire the eyes, even if you spend long hours in front of it. Its large width is very convenient when dealing with large paintings."
"MSI PRO MP341CQ 34-Inch 2K UWQHD 3440x1440 Computer Monitor - Professional Curved LED Monitor with 100Hz Refresh Rate, Anti-Glare & Anti-Flicker Technology PC Monitor for Desktop, VESA Mount (Black)","4","ses kalitesi iyi deƒüil / g√∂r√ºnt√º m√ºk!The sound quality is not good/the picture is dull!","","Reviewed in Turkey on 27 February 2023","monit√∂r√º alƒ±rken aynƒ± zamanda harici ufak speakerlardan kurtulurum diye d√º≈ü√ºn√ºyordum ama ekrana takƒ±lƒ± ses sistemi ger√ßekten k√∂t√º. yorumlarda g√∂rm√º≈üt√ºm ama msi bu ya ger√ßek deƒüildir demi≈ütim..onun dƒ±≈üƒ±nda ekran ayaklarƒ± pek saƒülam ya da devrilmesin diye esnek bilemedim. g√∂r√ºnt√º kalitesi harika, hem oyun hem de tasarƒ±m her t√ºrl√º i≈üinizi g√∂r√ºr. ekranƒ±n geni≈ü olmasƒ± bir iki farklƒ± ekrandan kurtarƒ±yor. beyaz plastik zamanla sararƒ±r diye d√º≈ü√ºnerek siyah aldƒ±m :)I was thinking that I would also get rid of the external small speakers when buying the monitor, but the sound system attached to the screen is really bad. I saw it in the comments but msi I said either this is not real.. apart from that, I couldn't figure out how flexible the screen legs are so sturdy or they don't tip over. the image quality is great, both gaming and design do your job. the fact that the screen is large saves you from one or two different screens. i bought black thinking the white plastic would turn yellow over time:)"
"MSI PRO MP341CQ 34-Inch 2K UWQHD 3440x1440 Computer Monitor - Professional Curved LED Monitor with 100Hz Refresh Rate, Anti-Glare & Anti-Flicker Technology PC Monitor for Desktop, VESA Mount (Black)","5","buena calidad,  preciogood quality, price","","Reviewed in Spain on 19 June 2023","muy buen monitor, la gente d msi muy detallista m  dieron unos extras gratis, eso si el sonido es lataVery good monitor, the people from MSI very detailed and gave me some free extras, that's if the sound is loud"
"MSI PRO MP341CQ 34-Inch 2K UWQHD 3440x1440 Computer Monitor - Professional Curved LED Monitor with 100Hz Refresh Rate, Anti-Glare & Anti-Flicker Technology PC Monitor for Desktop, VESA Mount (Black)","5","Productividad y CalidadProductivity and Quality","","Reviewed in Spain on 8 June 2023","Mi rese√±a se resume en: ""ojal√° haberte conocido antes""En mi caso, que teletrabajo y tengo que emplear m√∫ltiples ventanas, hasta ahora utilizaba doble pantalla, pero era un poco engorro.Ya con este pedazo de monitor se acab√≥, tengo todo unificado y, por supuesto, se ve a m√°xima calidad.De esas compras que dices, ""esto si que merece la pena"".My review can be summed up as: ‚ÄúI wish I had met you before‚Äù   In my case, because I work remotely and have to use multiple windows, until now I used a double screen, but it was a bit of a hassle. This piece of monitor is over now, I have everything unified and, of course, it looks at the highest quality. Of those purchases that you say, ‚Äúthis is really worth it‚Äù."
"MSI PRO MP341CQ 34-Inch 2K UWQHD 3440x1440 Computer Monitor - Professional Curved LED Monitor with 100Hz Refresh Rate, Anti-Glare & Anti-Flicker Technology PC Monitor for Desktop, VESA Mount (Black)","5","OSD non all‚Äôaltezza.OSD is not up to par.","","Reviewed in Italy on 5 February 2023","A parte il pesantissimo clouding dello schermo che lo rendono inusabile al buio (ed essendo un VA √® l'unico motivo per cui l'ho comprato), il motivo principale che mi fa lasciare una stella √® l'OSD che si ritrova. Ha pochissime impostazioni (tra cui la modifica dell'aspect ratio bloccata che su un 21:9 non √® il massimo, portando qualsiasi segnale diverso dal succitato ad essere deformato senza possibilit√† di un setup ad hoc), e indicazioni dei pulsanti a schermo che non coincidono con quelli fisici, portando a sbagliare spesso e volentieri nella navigazione. √à come se avessero usato l'OSD da un altro modello senza fare le dovute modifiche.Non ho neanche fatto i classici test con il calibro, per me √® inutilizzabile e molto limitato dal suo OSD, ho dovuto fare necessariamente il reso.Se invece cercate un monitor da collegare senza toccare nessuna impostazione se non quella della luminosit√†, potete farci un pensiero.Apart from the very heavy clouding of the screen that makes it unusable in the dark (and being a VA is the only reason I bought it), the main reason that makes me leave a star is the OSD that is found. It has very few settings (including the modification of the blocked aspect ratio, which is not the best on 21:9, leading any signal other than the one mentioned above to be deformed without the possibility of an ad hoc setup), and indications of the on-screen buttons that do not coincide with the physical ones, leading to errors often and willingly in navigation. It is as if they had used the OSD from another model without making the necessary changes. I haven't even done the classic tests with the caliber, for me it's unusable and very limited by its OSD, I necessarily had to do the return. If, on the other hand, you are looking for a monitor to connect without touching any setting other than the brightness setting, you can think about it."
"MSI PRO MP341CQ 34-Inch 2K UWQHD 3440x1440 Computer Monitor - Professional Curved LED Monitor with 100Hz Refresh Rate, Anti-Glare & Anti-Flicker Technology PC Monitor for Desktop, VESA Mount (Black)","5","Buena calidad de imagenGood image quality","","Reviewed in Spain on 7 April 2023","La calidad de imagen muy buena a mi juicio y la mala calidad del sonido aunque esto √∫ltimo para mi no es un tema relevante porque casi siempre uso auricularesThe image quality is very good in my opinion and the poor sound quality, although the latter is not a relevant topic for me because I almost always use headphones."
"MSI PRO MP341CQ 34-Inch 2K UWQHD 3440x1440 Computer Monitor - Professional Curved LED Monitor with 100Hz Refresh Rate, Anti-Glare & Anti-Flicker Technology PC Monitor for Desktop, VESA Mount (Black)","5","Excelent","","Reviewed in Spain on 12 December 2023","Everything ok"
"MSI PRO MP341CQ 34-Inch 2K UWQHD 3440x1440 Computer Monitor - Professional Curved LED Monitor with 100Hz Refresh Rate, Anti-Glare & Anti-Flicker Technology PC Monitor for Desktop, VESA Mount (Black)","5","Super √©cran je recommande üëçGreat screen I recommend üëç","","Reviewed in France on 11 May 2023","Tr√®s bon √©cran la d√©finition reste correct √† mon go√ªt...Tr√®s bon rapport qualit√© prix üëçje recommandeVery good screen the definition is still correct for my taste... Very good value for money üëç  I recommend"
"MSI PRO MP341CQ 34-Inch 2K UWQHD 3440x1440 Computer Monitor - Professional Curved LED Monitor with 100Hz Refresh Rate, Anti-Glare & Anti-Flicker Technology PC Monitor for Desktop, VESA Mount (Black)","5","Muy bueno y asequible.Very good and affordable.","","Reviewed in Spain on 9 February 2023","Para mi es uno de los mejores monitores calidad precio, buena resoluci√≥n. De momento no me arrepiento.For me it is one of the best monitors, quality, price, good resolution. At the moment I have no regrets."
"MSI PRO MP341CQ 34-Inch 2K UWQHD 3440x1440 Computer Monitor - Professional Curved LED Monitor with 100Hz Refresh Rate, Anti-Glare & Anti-Flicker Technology PC Monitor for Desktop, VESA Mount (Black)","5","Monitor defectuosoDefective monitor","","Reviewed in Spain on 17 February 2023","The media could not be loaded.
                
            
                
            
            
        
    
    








  
    Tiene un buen tama√±o pudiendo hacer las veces de dos monitores en paralelo. Muy c√≥modo para programar.Lamentablemente no lo he podido probar. Tras conectarlo al PC han empezado a salir l√≠neas verticales y horizontales en forma de ruido. He probado con otro cable que ten√≠a por casa y en ambos puertos HDMI con el mismo resultado.Al encenderlo y apagarlo (sin estar enchufado) tambi√©n aparec√≠an, por lo que se debe a un fallo del monitor, no de cables o conectores.He pedido la devoluci√≥n y no voy a volver a comprarlo. Me decantar√© por un monitor de otra marca aunque sea m√°s caro.It has a good size and can act as two monitors in parallel. Very convenient to program. Unfortunately I haven't been able to test it. After connecting it to the PC, vertical and horizontal lines started to appear in the form of noise. I tried another cable that I had around the house and on both HDMI ports with the same result. When it was turned on and off (without being plugged in) they also appeared, so it was due to a failure of the monitor, not of cables or connectors. I asked for a return and will not buy it again. I will opt for a monitor from another brand even if it is more expensive."
"MSI PRO MP341CQ 34-Inch 2K UWQHD 3440x1440 Computer Monitor - Professional Curved LED Monitor with 100Hz Refresh Rate, Anti-Glare & Anti-Flicker Technology PC Monitor for Desktop, VESA Mount (Black)","5","Excelente!Excellent!","","Reviewed in Spain on 16 April 2023","Es lo que buscabaIt's what I was looking for"
"MSI PRO MP341CQ 34-Inch 2K UWQHD 3440x1440 Computer Monitor - Professional Curved LED Monitor with 100Hz Refresh Rate, Anti-Glare & Anti-Flicker Technology PC Monitor for Desktop, VESA Mount (Black)","5","Ottimo per la produttivit√†Great for productivity","","Reviewed in Italy on 2 May 2023","Per lavorare risulta essere un monitor ottimo.ConsigliatoIt turns out to be an excellent monitor for working. Recommended"
"MSI PRO MP341CQ 34-Inch 2K UWQHD 3440x1440 Computer Monitor - Professional Curved LED Monitor with 100Hz Refresh Rate, Anti-Glare & Anti-Flicker Technology PC Monitor for Desktop, VESA Mount (Black)","6","Malisima calidad de imagenVery poor image quality","","Reviewed in Spain on 21 June 2023","Esta pantalla carece de calidad. Al final la devolv√≠ y compra otra pantalla de la marca DELL incluso m√°s barata y con mucha m√°s calidad de imagen. El MSI no solo tiene mala calidad pero incluso los contrastes son molestosos a la vista. Estuve cambiando la configuraci√≥n varias veces sin remedio.This screen lacks quality. In the end, I returned it and bought another DELL screen that was even cheaper and with much better image quality. Not only does the MSI have poor quality, but even the contrasts are annoying to look at. I was changing the settings several times hopelessly."
"MSI PRO MP341CQ 34-Inch 2K UWQHD 3440x1440 Computer Monitor - Professional Curved LED Monitor with 100Hz Refresh Rate, Anti-Glare & Anti-Flicker Technology PC Monitor for Desktop, VESA Mount (Black)","6","Fallo graveSerious misconduct","","Reviewed in Spain on 17 April 2023","Estaba deseando que llegara mi monitor y llevo con 3 tornillos en vez de 4, as√≠ que no pude montarlo con el trastorno oportuno.Gesti√≥n de la recogida y comportamiento de Amazon bueno.I was looking forward to my monitor and I have 3 screws instead of 4, so I couldn't assemble it with the right disorder. Collection management and good Amazon behavior."